{
    "id": 39271115358287,
    "title": "H:720mm W:790mm D:730mm",
    "option1": "H:720mm W:790mm D:730mm",
    "option2": null,
    "option3": null,
    "sku": "920000002300",
    "requires_shipping": true,
    "taxable": true,
    "featured_image": {
        "id": 28342014246991,
        "product_id": 6543759245391,
        "position": 1,
        "created_at": "2021-06-30T09:16:45+04:00",
        "updated_at": "2021-06-30T09:16:45+04:00",
        "alt": "Taupe Curved Chair H:720mm W:790mm D:730mm",
        "width": 1000,
        "height": 1000,
        "src": "https://cdn.shopify.com/s/files/1/0289/1671/1503/products/920000002300.jpg?v=1625030205",
        "variant_ids": [
            39271115358287
        ]
    },
    "available": true,
    "name": "Taupe Curved Chair - H:720mm W:790mm D:730mm",
    "public_title": "H:720mm W:790mm D:730mm",
    "options": [
        "H:720mm W:790mm D:730mm"
    ],
    "price": 239900,
    "weight": 0,
    "compare_at_price": 399900,
    "inventory_management": "shopify",
    "barcode": "920000002300",
    "featured_media": {
        "alt": "Taupe Curved Chair H:720mm W:790mm D:730mm",
        "id": 20729845678159,
        "position": 1,
        "preview_image": {
            "aspect_ratio": 1,
            "height": 1000,
            "width": 1000,
            "src": "https://cdn.shopify.com/s/files/1/0289/1671/1503/products/920000002300.jpg?v=1625030205"
        }
    }
}